{
    "accuracy": 0.9475176295609103,
    "recall": 0.9970374419899386,
    "precision": 0.9458572068679512,
    "f1": 0.9707732229101925,
    "average_precision": 0.9456449065358314,
    "confusion_matrix": [
        86409,
        56792,
        2948,
        992138
    ]
}