{
    "accuracy": 0.8878145150716934,
    "recall": 0.9484585710262439,
    "precision": 0.9296712750010432,
    "f1": 0.9389709565361166,
    "average_precision": 0.9286533409621952,
    "confusion_matrix": [
        8320,
        21910,
        15739,
        289627
    ]
}