{
    "accuracy": 0.8921053886220336,
    "recall": 0.9164871007250316,
    "precision": 0.9631518630558452,
    "f1": 0.9392402217012873,
    "average_precision": 0.9587064371971713,
    "confusion_matrix": [
        19523,
        10707,
        25502,
        279864
    ]
}