{
    "accuracy": 0.8499952265384364,
    "recall": 0.8499952265384364,
    "precision": 1.0,
    "f1": 0.9189161294528092,
    "average_precision": 1.0,
    "confusion_matrix": [
        0,
        0,
        119414,
        676654
    ]
}