{
    "accuracy": 0.7368410286979975,
    "recall": 0.8512044136711252,
    "precision": 0.7370241461822928,
    "f1": 0.7900099797606722,
    "average_precision": 0.7138905144713068,
    "confusion_matrix": [
        82756,
        60445,
        29613,
        169405
    ]
}